finding,axis,clean_gap,observed_nlp_gap,gap_classcond,gap_instancedep,phantom_observed,phantom_classcond,phantom_instancedep
Airspace opacity,sex,0.009732283265651565,0.02022057655023357,0.026264378650138843,0.021977825470692124,-0.010488293284582006,-0.01653209538448728,-0.012245542205040559
Airspace opacity,elderly_women,0.014401553220648733,0.05348837209302326,0.03621003186390756,0.05366320493482693,-0.03908681887237453,-0.021808478643258827,-0.0392616517141782
Pneumothorax,sex,0.12414772727272727,0.12168409074745745,0.09507551743797377,0.043521446444180524,0.002463636525269819,0.029072209834753504,0.08062628082854675
Pneumothorax,elderly_women,0.18399339933993397,0.06372549019607843,0.1067822946323739,0.05963285363960399,0.12026790914385554,0.07721110470756007,0.12436054570032998
Nodule or mass,sex,0.01855877890255231,0.06424242424242421,0.03497271956032887,0.03212443931594298,-0.0456836453398719,-0.016413940657776564,-0.01356566041339067
Nodule or mass,elderly_women,0.16949781862062568,0.1202786155392791,0.11203314679116394,0.11565520635884292,0.049219203081346585,0.057464671829461744,0.05384261226178276
